message,border_message,side_border,show_date,border,image,count
"Dad","","","false","true","","1"
"Mom","","","false","true","","1"
"David","","","false","true","","1"
"Jacob","","","false","true","","1"
"Isabella","","","false","true","","1"
"Caleb","","","false","true","","1"
"Julia","","","false","true","","1""David","","","false","true","","1"
"Jacob","","","false","true","","1"
"Isabella","","","false","true","","1"
"Caleb","","","false","true","","1"
"Julia","","","false","true","","1""Mom","","","false","true","","1"
"David","","","false","true","","1"
"Jacob","","","false","true","","1"
"Isabella","","","false","true","","1"
"Caleb","","","false","true","","1"
"Julia","","","false","true","","1"
